{
  "2015_20 part 1": {
    "name": "2015_20 part 1",
    "totalDuration": 10050517828,
    "times": 41,
    "ms": 245.1345811707317,
    "year": 2015,
    "hash": -3324243034051478861
  },
  "2015_20 part 2": {
    "name": "2015_20 part 2",
    "totalDuration": 10001932037,
    "times": 40,
    "ms": 250.048300925,
    "year": 2015,
    "hash": -3324243034051478861
  },
  "2015_01 part 1": {
    "name": "2015_01 part 1",
    "totalDuration": 24872,
    "times": 1000,
    "ms": 2.4872e-05,
    "year": 2015,
    "hash": -1226317205529088040
  },
  "2015_01 part 2": {
    "name": "2015_01 part 2",
    "totalDuration": 24902,
    "times": 1000,
    "ms": 2.4902e-05,
    "year": 2015,
    "hash": -1226317205529088040
  },
  "2021_08 part 1": {
    "name": "2021_08 part 1",
    "totalDuration": 673874908,
    "times": 1000,
    "ms": 0.6738749080000001,
    "year": 2021,
    "hash": 258322412298393382
  },
  "2021_08 part 2": {
    "name": "2021_08 part 2",
    "totalDuration": 670145434,
    "times": 1000,
    "ms": 0.670145434,
    "year": 2021,
    "hash": 258322412298393382
  },
  "2021_11 part 1": {
    "name": "2021_11 part 1",
    "totalDuration": 669483617,
    "times": 1000,
    "ms": 0.669483617,
    "year": 2021,
    "hash": -7391239704020984945
  },
  "2021_11 part 2": {
    "name": "2021_11 part 2",
    "totalDuration": 666078863,
    "times": 1000,
    "ms": 0.666078863,
    "year": 2021,
    "hash": -7391239704020984945
  },
  "2021_09 part 1": {
    "name": "2021_09 part 1",
    "totalDuration": 1491537471,
    "times": 1000,
    "ms": 1.491537471,
    "year": 2021,
    "hash": 7380077554686319945
  },
  "2021_09 part 2": {
    "name": "2021_09 part 2",
    "totalDuration": 1485026467,
    "times": 1000,
    "ms": 1.485026467,
    "year": 2021,
    "hash": 7380077554686319945
  },
  "2021_01 part 1": {
    "name": "2021_01 part 1",
    "totalDuration": 1228400296,
    "times": 1000,
    "ms": 1.228400296,
    "year": 2021,
    "hash": 4318637418537477710
  },
  "2021_01 part 2": {
    "name": "2021_01 part 2",
    "totalDuration": 1252051464,
    "times": 1000,
    "ms": 1.252051464,
    "year": 2021,
    "hash": 4318637418537477710
  },
  "2021_10 part 1": {
    "name": "2021_10 part 1",
    "totalDuration": 157596225,
    "times": 1000,
    "ms": 0.157596225,
    "year": 2021,
    "hash": -2586361423521228493
  },
  "2021_10 part 2": {
    "name": "2021_10 part 2",
    "totalDuration": 152199136,
    "times": 1000,
    "ms": 0.152199136,
    "year": 2021,
    "hash": -2586361423521228493
  },
  "2021_12 part 1": {
    "name": "2021_12 part 1",
    "totalDuration": 10006844286,
    "times": 156,
    "ms": 64.14643773076922,
    "year": 2021,
    "hash": -1916743279774673342
  },
  "2021_12 part 2": {
    "name": "2021_12 part 2",
    "totalDuration": 10056392922,
    "times": 162,
    "ms": 62.07649951851852,
    "year": 2021,
    "hash": -1916743279774673342
  },
  "2015_22 part 1": {
    "name": "2015_22 part 1 (skipped)",
    "totalDuration": 0,
    "times": 0,
    "ms": 0.0,
    "year": 2015,
    "hash": 2363319493027534772
  },
  "2015_22 part 2": {
    "name": "2015_22 part 2 (skipped)",
    "totalDuration": 0,
    "times": 0,
    "ms": 0.0,
    "year": 2015,
    "hash": 2363319493027534772
  },
  "2015_21 part 1": {
    "name": "2015_21 part 1",
    "totalDuration": 412379652,
    "times": 1000,
    "ms": 0.412379652,
    "year": 2015,
    "hash": -1708495324861020795
  },
  "2015_21 part 2": {
    "name": "2015_21 part 2",
    "totalDuration": 388501479,
    "times": 1000,
    "ms": 0.388501479,
    "year": 2015,
    "hash": -1708495324861020795
  },
  "2021_13 part 1": {
    "name": "2021_13 part 1",
    "totalDuration": 352514388,
    "times": 1000,
    "ms": 0.352514388,
    "year": 2021,
    "hash": -3654100902467135022
  },
  "2021_13 part 2": {
    "name": "2021_13 part 2",
    "totalDuration": 349861479,
    "times": 1000,
    "ms": 0.349861479,
    "year": 2021,
    "hash": -3654100902467135022
  },
  "2015_23 part 1": {
    "name": "2015_23 part 1",
    "totalDuration": 58728687,
    "times": 1000,
    "ms": 0.058728687,
    "year": 2015,
    "hash": -6887562663371116842
  },
  "2015_23 part 2": {
    "name": "2015_23 part 2",
    "totalDuration": 36536127,
    "times": 1000,
    "ms": 0.036536127,
    "year": 2015,
    "hash": -6887562663371116842
  },
  "2021_14 part 1": {
    "name": "2021_14 part 1",
    "totalDuration": 10070214274,
    "times": 142,
    "ms": 70.91700192957747,
    "year": 2021,
    "hash": 1044159258377862003
  },
  "2021_14 part 2": {
    "name": "2021_14 part 2",
    "totalDuration": 10021185069,
    "times": 136,
    "ms": 73.68518433088235,
    "year": 2021,
    "hash": 1044159258377862003
  },
  "2021_15 part 1": {
    "name": "2021_15 part 1",
    "totalDuration": 10021744570,
    "times": 344,
    "ms": 29.13297840116279,
    "year": 2021,
    "hash": 6267526880979827208
  },
  "2021_15 part 2": {
    "name": "2021_15 part 2",
    "totalDuration": 10011701652,
    "times": 332,
    "ms": 30.15572786746988,
    "year": 2021,
    "hash": 6267526880979827208
  },
  "2021_16 part 1": {
    "name": "2021_16 part 1",
    "totalDuration": 3342976988,
    "times": 1000,
    "ms": 3.342976988,
    "year": 2021,
    "hash": 9140972696095165110
  },
  "2021_16 part 2": {
    "name": "2021_16 part 2",
    "totalDuration": 3366412914,
    "times": 1000,
    "ms": 3.366412914,
    "year": 2021,
    "hash": 9140972696095165110
  },
  "2021_17 part 1": {
    "name": "2021_17 part 1",
    "totalDuration": 237776954,
    "times": 1000,
    "ms": 0.237776954,
    "year": 2021,
    "hash": 2936141566325628018
  },
  "2021_17 part 2": {
    "name": "2021_17 part 2",
    "totalDuration": 239520846,
    "times": 1000,
    "ms": 0.239520846,
    "year": 2021,
    "hash": 2936141566325628018
  },
  "2015_24 part 1": {
    "name": "2015_24 part 1 (skipped)",
    "totalDuration": 0,
    "times": 0,
    "ms": 0.0,
    "year": 2015,
    "hash": -9123471187859888493
  },
  "2015_24 part 2": {
    "name": "2015_24 part 2 (skipped)",
    "totalDuration": 0,
    "times": 0,
    "ms": 0.0,
    "year": 2015,
    "hash": -9123471187859888493
  },
  "2019_10 part 1": {
    "name": "2019_10 part 1",
    "totalDuration": 10022377439,
    "times": 163,
    "ms": 61.48697815337423,
    "year": 2019,
    "hash": 7240270852778365318
  },
  "2019_10 part 2": {
    "name": "2019_10 part 2",
    "totalDuration": 10052193618,
    "times": 151,
    "ms": 66.57081866225165,
    "year": 2019,
    "hash": 7240270852778365318
  },
  "2021_18 part 1": {
    "name": "2021_18 part 1",
    "totalDuration": 3433171557,
    "times": 1000,
    "ms": 3.433171557,
    "year": 2021,
    "hash": 3402507993954633498
  },
  "2021_18 part 2": {
    "name": "2021_18 part 2",
    "totalDuration": 3402364080,
    "times": 1000,
    "ms": 3.40236408,
    "year": 2021,
    "hash": 3402507993954633498
  },
  "2021_20 part 1": {
    "name": "2021_20 part 1",
    "totalDuration": 10014314880,
    "times": 403,
    "ms": 24.84941657568238,
    "year": 2021,
    "hash": 6066416330330903899
  },
  "2021_20 part 2": {
    "name": "2021_20 part 2",
    "totalDuration": 10005707027,
    "times": 409,
    "ms": 24.46383136185819,
    "year": 2021,
    "hash": 6066416330330903899
  },
  "2021_21 part 1": {
    "name": "2021_21 part 1",
    "totalDuration": 9818462,
    "times": 1000,
    "ms": 0.009818462,
    "year": 2021,
    "hash": 3554972603495501010
  },
  "2021_21 part 2": {
    "name": "2021_21 part 2",
    "totalDuration": 9701532,
    "times": 1000,
    "ms": 0.009701532000000001,
    "year": 2021,
    "hash": 3554972603495501010
  }
}