{
  "2015_20 part 1": {
    "name": "2015_20 part 1",
    "totalDuration": 10050517828,
    "times": 41,
    "ms": 245.1345811707317,
    "year": 2015,
    "hash": -3324243034051478861
  },
  "2015_20 part 2": {
    "name": "2015_20 part 2",
    "totalDuration": 10001932037,
    "times": 40,
    "ms": 250.048300925,
    "year": 2015,
    "hash": -3324243034051478861
  },
  "2015_01 part 1": {
    "name": "2015_01 part 1",
    "totalDuration": 24872,
    "times": 1000,
    "ms": 2.4872e-05,
    "year": 2015,
    "hash": -1226317205529088040
  },
  "2015_01 part 2": {
    "name": "2015_01 part 2",
    "totalDuration": 24902,
    "times": 1000,
    "ms": 2.4902e-05,
    "year": 2015,
    "hash": -1226317205529088040
  },
  "2021_08 part 1": {
    "name": "2021_08 part 1",
    "totalDuration": 648968004,
    "times": 1000,
    "ms": 0.648968004,
    "year": 2021,
    "hash": 4899271999327165015
  },
  "2021_08 part 2": {
    "name": "2021_08 part 2",
    "totalDuration": 642338821,
    "times": 1000,
    "ms": 0.6423388210000001,
    "year": 2021,
    "hash": 4899271999327165015
  },
  "2021_11 part 1": {
    "name": "2021_11 part 1",
    "totalDuration": 891432675,
    "times": 1000,
    "ms": 0.891432675,
    "year": 2021,
    "hash": 7720181116577778772
  },
  "2021_11 part 2": {
    "name": "2021_11 part 2",
    "totalDuration": 892905618,
    "times": 1000,
    "ms": 0.892905618,
    "year": 2021,
    "hash": 7720181116577778772
  },
  "2021_09 part 1": {
    "name": "2021_09 part 1",
    "totalDuration": 1542565486,
    "times": 1000,
    "ms": 1.542565486,
    "year": 2021,
    "hash": -1774004246251971528
  },
  "2021_09 part 2": {
    "name": "2021_09 part 2",
    "totalDuration": 1549655048,
    "times": 1000,
    "ms": 1.549655048,
    "year": 2021,
    "hash": -1774004246251971528
  },
  "2021_01 part 1": {
    "name": "2021_01 part 1",
    "totalDuration": 1131243838,
    "times": 1000,
    "ms": 1.131243838,
    "year": 2021,
    "hash": 1948473108269070939
  },
  "2021_01 part 2": {
    "name": "2021_01 part 2",
    "totalDuration": 1186743360,
    "times": 1000,
    "ms": 1.18674336,
    "year": 2021,
    "hash": 1948473108269070939
  },
  "2021_10 part 1": {
    "name": "2021_10 part 1",
    "totalDuration": 153691341,
    "times": 1000,
    "ms": 0.153691341,
    "year": 2021,
    "hash": -220127017229805611
  },
  "2021_10 part 2": {
    "name": "2021_10 part 2",
    "totalDuration": 152902218,
    "times": 1000,
    "ms": 0.152902218,
    "year": 2021,
    "hash": -220127017229805611
  },
  "2021_12 part 1": {
    "name": "2021_12 part 1",
    "totalDuration": 10002778818,
    "times": 162,
    "ms": 61.74554825925927,
    "year": 2021,
    "hash": -2632872548149214644
  },
  "2021_12 part 2": {
    "name": "2021_12 part 2",
    "totalDuration": 10021761207,
    "times": 159,
    "ms": 63.0299446981132,
    "year": 2021,
    "hash": -2632872548149214644
  },
  "2015_22 part 1": {
    "name": "2015_22 part 1 (skipped)",
    "totalDuration": 0,
    "times": 0,
    "ms": 0.0,
    "year": 2015,
    "hash": 77721820049207996
  },
  "2015_22 part 2": {
    "name": "2015_22 part 2 (skipped)",
    "totalDuration": 0,
    "times": 0,
    "ms": 0.0,
    "year": 2015,
    "hash": 77721820049207996
  },
  "2015_21 part 1": {
    "name": "2015_21 part 1",
    "totalDuration": 412379652,
    "times": 1000,
    "ms": 0.412379652,
    "year": 2015,
    "hash": -1708495324861020795
  },
  "2015_21 part 2": {
    "name": "2015_21 part 2",
    "totalDuration": 388501479,
    "times": 1000,
    "ms": 0.388501479,
    "year": 2015,
    "hash": -1708495324861020795
  },
  "2021_13 part 1": {
    "name": "2021_13 part 1",
    "totalDuration": 362434022,
    "times": 1000,
    "ms": 0.362434022,
    "year": 2021,
    "hash": -9085637904014254723
  },
  "2021_13 part 2": {
    "name": "2021_13 part 2",
    "totalDuration": 356627800,
    "times": 1000,
    "ms": 0.3566278,
    "year": 2021,
    "hash": -9085637904014254723
  }
}