{
  "2015_20 part 1": {
    "name": "2015_20 part 1",
    "totalDuration": 10050517828,
    "times": 41,
    "ms": 245.1345811707317,
    "year": 2015,
    "hash": -3324243034051478861
  },
  "2015_20 part 2": {
    "name": "2015_20 part 2",
    "totalDuration": 10001932037,
    "times": 40,
    "ms": 250.048300925,
    "year": 2015,
    "hash": -3324243034051478861
  },
  "2015_01 part 1": {
    "name": "2015_01 part 1",
    "totalDuration": 24872,
    "times": 1000,
    "ms": 2.4872e-05,
    "year": 2015,
    "hash": -1226317205529088040
  },
  "2015_01 part 2": {
    "name": "2015_01 part 2",
    "totalDuration": 24902,
    "times": 1000,
    "ms": 2.4902e-05,
    "year": 2015,
    "hash": -1226317205529088040
  },
  "2021_08 part 1": {
    "name": "2021_08 part 1",
    "totalDuration": 700695039,
    "times": 1000,
    "ms": 0.700695039,
    "year": 2021,
    "hash": 5140311123894099689
  },
  "2021_08 part 2": {
    "name": "2021_08 part 2",
    "totalDuration": 706271763,
    "times": 1000,
    "ms": 0.7062717629999999,
    "year": 2021,
    "hash": 5140311123894099689
  },
  "2021_11 part 1": {
    "name": "2021_11 part 1",
    "totalDuration": 677798216,
    "times": 1000,
    "ms": 0.677798216,
    "year": 2021,
    "hash": 3919647756887603224
  },
  "2021_11 part 2": {
    "name": "2021_11 part 2",
    "totalDuration": 670805705,
    "times": 1000,
    "ms": 0.670805705,
    "year": 2021,
    "hash": 3919647756887603224
  },
  "2021_09 part 1": {
    "name": "2021_09 part 1",
    "totalDuration": 1526460832,
    "times": 1000,
    "ms": 1.526460832,
    "year": 2021,
    "hash": -3401695930534827899
  },
  "2021_09 part 2": {
    "name": "2021_09 part 2",
    "totalDuration": 1524462336,
    "times": 1000,
    "ms": 1.524462336,
    "year": 2021,
    "hash": -3401695930534827899
  },
  "2021_01 part 1": {
    "name": "2021_01 part 1",
    "totalDuration": 1228400296,
    "times": 1000,
    "ms": 1.228400296,
    "year": 2021,
    "hash": 4318637418537477710
  },
  "2021_01 part 2": {
    "name": "2021_01 part 2",
    "totalDuration": 1252051464,
    "times": 1000,
    "ms": 1.252051464,
    "year": 2021,
    "hash": 4318637418537477710
  },
  "2021_10 part 1": {
    "name": "2021_10 part 1",
    "totalDuration": 155565569,
    "times": 1000,
    "ms": 0.155565569,
    "year": 2021,
    "hash": -4190716974365261634
  },
  "2021_10 part 2": {
    "name": "2021_10 part 2",
    "totalDuration": 154571549,
    "times": 1000,
    "ms": 0.154571549,
    "year": 2021,
    "hash": -4190716974365261634
  },
  "2021_12 part 1": {
    "name": "2021_12 part 1",
    "totalDuration": 10037186919,
    "times": 140,
    "ms": 71.69419227857142,
    "year": 2021,
    "hash": -8765777923930917372
  },
  "2021_12 part 2": {
    "name": "2021_12 part 2",
    "totalDuration": 10060044911,
    "times": 141,
    "ms": 71.34783624822695,
    "year": 2021,
    "hash": -8765777923930917372
  },
  "2015_22 part 1": {
    "name": "2015_22 part 1 (skipped)",
    "totalDuration": 0,
    "times": 0,
    "ms": 0.0,
    "year": 2015,
    "hash": 603721768340303570
  },
  "2015_22 part 2": {
    "name": "2015_22 part 2 (skipped)",
    "totalDuration": 0,
    "times": 0,
    "ms": 0.0,
    "year": 2015,
    "hash": 603721768340303570
  },
  "2015_21 part 1": {
    "name": "2015_21 part 1",
    "totalDuration": 415767801,
    "times": 1000,
    "ms": 0.415767801,
    "year": 2015,
    "hash": 94832266808057444
  },
  "2015_21 part 2": {
    "name": "2015_21 part 2",
    "totalDuration": 418170660,
    "times": 1000,
    "ms": 0.41817066,
    "year": 2015,
    "hash": 94832266808057444
  },
  "2021_13 part 1": {
    "name": "2021_13 part 1",
    "totalDuration": 376095227,
    "times": 1000,
    "ms": 0.376095227,
    "year": 2021,
    "hash": 4928341454505717659
  },
  "2021_13 part 2": {
    "name": "2021_13 part 2",
    "totalDuration": 377896444,
    "times": 1000,
    "ms": 0.377896444,
    "year": 2021,
    "hash": 4928341454505717659
  },
  "2015_23 part 1": {
    "name": "2015_23 part 1",
    "totalDuration": 40027226,
    "times": 1000,
    "ms": 0.040027226,
    "year": 2015,
    "hash": -7990982343447572307
  },
  "2015_23 part 2": {
    "name": "2015_23 part 2",
    "totalDuration": 39962319,
    "times": 1000,
    "ms": 0.039962319,
    "year": 2015,
    "hash": -7990982343447572307
  },
  "2021_14 part 1": {
    "name": "2021_14 part 1",
    "totalDuration": 10027767288,
    "times": 124,
    "ms": 80.86909103225805,
    "year": 2021,
    "hash": -3142538650110319110
  },
  "2021_14 part 2": {
    "name": "2021_14 part 2",
    "totalDuration": 10031164250,
    "times": 115,
    "ms": 87.2275152173913,
    "year": 2021,
    "hash": -3142538650110319110
  },
  "2021_15 part 1": {
    "name": "2021_15 part 1",
    "totalDuration": 10019232621,
    "times": 376,
    "ms": 26.64689526861702,
    "year": 2021,
    "hash": 2854159975833145022
  },
  "2021_15 part 2": {
    "name": "2021_15 part 2",
    "totalDuration": 10010105847,
    "times": 376,
    "ms": 26.62262193351064,
    "year": 2021,
    "hash": 2854159975833145022
  },
  "2021_16 part 1": {
    "name": "2021_16 part 1",
    "totalDuration": 3342976988,
    "times": 1000,
    "ms": 3.342976988,
    "year": 2021,
    "hash": 9140972696095165110
  },
  "2021_16 part 2": {
    "name": "2021_16 part 2",
    "totalDuration": 3366412914,
    "times": 1000,
    "ms": 3.366412914,
    "year": 2021,
    "hash": 9140972696095165110
  },
  "2021_17 part 1": {
    "name": "2021_17 part 1",
    "totalDuration": 237776954,
    "times": 1000,
    "ms": 0.237776954,
    "year": 2021,
    "hash": 2936141566325628018
  },
  "2021_17 part 2": {
    "name": "2021_17 part 2",
    "totalDuration": 239520846,
    "times": 1000,
    "ms": 0.239520846,
    "year": 2021,
    "hash": 2936141566325628018
  },
  "2015_24 part 1": {
    "name": "2015_24 part 1 (skipped)",
    "totalDuration": 0,
    "times": 0,
    "ms": 0.0,
    "year": 2015,
    "hash": 3697204352247139250
  },
  "2015_24 part 2": {
    "name": "2015_24 part 2 (skipped)",
    "totalDuration": 0,
    "times": 0,
    "ms": 0.0,
    "year": 2015,
    "hash": 3697204352247139250
  },
  "2019_10 part 1": {
    "name": "2019_10 part 1",
    "totalDuration": 10020875766,
    "times": 209,
    "ms": 47.946774,
    "year": 2019,
    "hash": 5243846352224567988
  },
  "2019_10 part 2": {
    "name": "2019_10 part 2",
    "totalDuration": 10046720846,
    "times": 209,
    "ms": 48.07043466985646,
    "year": 2019,
    "hash": 5243846352224567988
  },
  "2021_18 part 1": {
    "name": "2021_18 part 1",
    "totalDuration": 3544921569,
    "times": 1000,
    "ms": 3.544921569,
    "year": 2021,
    "hash": 2697667661686442312
  },
  "2021_18 part 2": {
    "name": "2021_18 part 2",
    "totalDuration": 3538208674,
    "times": 1000,
    "ms": 3.538208674,
    "year": 2021,
    "hash": 2697667661686442312
  },
  "2021_20 part 1": {
    "name": "2021_20 part 1",
    "totalDuration": 10002135490,
    "times": 376,
    "ms": 26.60142417553192,
    "year": 2021,
    "hash": -8080999592267202569
  },
  "2021_20 part 2": {
    "name": "2021_20 part 2",
    "totalDuration": 10023104568,
    "times": 397,
    "ms": 25.24711478085642,
    "year": 2021,
    "hash": -8080999592267202569
  },
  "2021_21 part 1": {
    "name": "2021_21 part 1",
    "totalDuration": 9672817,
    "times": 1000,
    "ms": 0.009672817,
    "year": 2021,
    "hash": 3554972603495501010
  },
  "2021_21 part 2": {
    "name": "2021_21 part 2",
    "totalDuration": 9642967,
    "times": 1000,
    "ms": 0.009642967000000001,
    "year": 2021,
    "hash": 3554972603495501010
  },
  "2018_01 part 1": {
    "name": "2018_01 part 1",
    "totalDuration": 80585290,
    "times": 1000,
    "ms": 0.08058529,
    "year": 2018,
    "hash": -2254017498905474053
  },
  "2018_01 part 2": {
    "name": "2018_01 part 2",
    "totalDuration": 80546713,
    "times": 1000,
    "ms": 0.08054671299999999,
    "year": 2018,