{
  "2015_20 part 1": {
    "name": "2015_20 part 1",
    "totalDuration": 10050517828,
    "times": 41,
    "ms": 245.1345811707317,
    "year": 2015,
    "hash": -3324243034051478861
  },
  "2015_20 part 2": {
    "name": "2015_20 part 2",
    "totalDuration": 10001932037,
    "times": 40,
    "ms": 250.048300925,
    "year": 2015,
    "hash": -3324243034051478861
  },
  "2015_01 part 1": {
    "name": "2015_01 part 1",
    "totalDuration": 24872,
    "times": 1000,
    "ms": 2.4872e-05,
    "year": 2015,
    "hash": -1226317205529088040
  },
  "2015_01 part 2": {
    "name": "2015_01 part 2",
    "totalDuration": 24902,
    "times": 1000,
    "ms": 2.4902e-05,
    "year": 2015,
    "hash": -1226317205529088040
  },
  "2021_08 part 1": {
    "name": "2021_08 part 1",
    "totalDuration": 648968004,
    "times": 1000,
    "ms": 0.648968004,
    "year": 2021,
    "hash": 4899271999327165015
  },
  "2021_08 part 2": {
    "name": "2021_08 part 2",
    "totalDuration": 642338821,
    "times": 1000,
    "ms": 0.6423388210000001,
    "year": 2021,
    "hash": 4899271999327165015
  },
  "2021_11 part 1": {
    "name": "2021_11 part 1",
    "totalDuration": 891432675,
    "times": 1000,
    "ms": 0.891432675,
    "year": 2021,
    "hash": 7720181116577778772
  },
  "2021_11 part 2": {
    "name": "2021_11 part 2",
    "totalDuration": 892905618,
    "times": 1000,
    "ms": 0.892905618,
    "year": 2021,
    "hash": 7720181116577778772
  },
  "2021_09 part 1": {
    "name": "2021_09 part 1",
    "totalDuration": 1542565486,
    "times": 1000,
    "ms": 1.542565486,
    "year": 2021,
    "hash": -1774004246251971528
  },
  "2021_09 part 2": {
    "name": "2021_09 part 2",
    "totalDuration": 1549655048,
    "times": 1000,
    "ms": 1.549655048,
    "year": 2021,
    "hash": -1774004246251971528
  },
  "2021_01 part 1": {
    "name": "2021_01 part 1",
    "totalDuration": 1131243838,
    "times": 1000,
    "ms": 1.131243838,
    "year": 2021,
    "hash": 1948473108269070939
  },
  "2021_01 part 2": {
    "name": "2021_01 part 2",
    "totalDuration": 1186743360,
    "times": 1000,
    "ms": 1.18674336,
    "year": 2021,
    "hash": 1948473108269070939
  },
  "2021_10 part 1": {
    "name": "2021_10 part 1",
    "totalDuration": 153691341,
    "times": 1000,
    "ms": 0.153691341,
    "year": 2021,
    "hash": -220127017229805611
  },
  "2021_10 part 2": {
    "name": "2021_10 part 2",
    "totalDuration": 152902218,
    "times": 1000,
    "ms": 0.152902218,
    "year": 2021,
    "hash": -220127017229805611
  },
  "2021_12 part 1": {
    "name": "2021_12 part 1",
    "totalDuration": 10002778818,
    "times": 162,
    "ms": 61.74554825925927,
    "year": 2021,
    "hash": -2632872548149214644
  },
  "2021_12 part 2": {
    "name": "2021_12 part 2",
    "totalDuration": 10021761207,
    "times": 159,
    "ms": 63.0299446981132,
    "year": 2021,
    "hash": -2632872548149214644
  },
  "2015_22 part 1": {
    "name": "2015_22 part 1 (skipped)",
    "totalDuration": 0,
    "times": 0,
    "ms": 0.0,
    "year": 2015,
    "hash": 2363319493027534772
  },
  "2015_22 part 2": {
    "name": "2015_22 part 2 (skipped)",
    "totalDuration": 0,
    "times": 0,
    "ms": 0.0,
    "year": 2015,
    "hash": 2363319493027534772
  },
  "2015_21 part 1": {
    "name": "2015_21 part 1",
    "totalDuration": 412379652,
    "times": 1000,
    "ms": 0.412379652,
    "year": 2015,
    "hash": -1708495324861020795
  },
  "2015_21 part 2": {
    "name": "2015_21 part 2",
    "totalDuration": 388501479,
    "times": 1000,
    "ms": 0.388501479,
    "year": 2015,
    "hash": -1708495324861020795
  },
  "2021_13 part 1": {
    "name": "2021_13 part 1",
    "totalDuration": 352514388,
    "times": 1000,
    "ms": 0.352514388,
    "year": 2021,
    "hash": -3654100902467135022
  },
  "2021_13 part 2": {
    "name": "2021_13 part 2",
    "totalDuration": 349861479,
    "times": 1000,
    "ms": 0.349861479,
    "year": 2021,
    "hash": -3654100902467135022
  },
  "2015_23 part 1": {
    "name": "2015_23 part 1",
    "totalDuration": 58728687,
    "times": 1000,
    "ms": 0.058728687,
    "year": 2015,
    "hash": -6887562663371116842
  },
  "2015_23 part 2": {
    "name": "2015_23 part 2",
    "totalDuration": 36536127,
    "times": 1000,
    "ms": 0.036536127,
    "year": 2015,
    "hash": -6887562663371116842
  },
  "2021_14 part 1": {
    "name": "2021_14 part 1",
    "totalDuration": 10019802005,
    "times": 124,
    "ms": 80.80485487903225,
    "year": 2021,
    "hash": 5720583992147119859
  },
  "2021_14 part 2": {
    "name": "2021_14 part 2",
    "totalDuration": 10108339315,
    "times": 132,
    "ms": 76.57832814393939,
    "year": 2021,
    "hash": 5720583992147119859
  },
  "2021_15 part 1": {
    "name": "2021_15 part 1",
    "totalDuration": 10020886306,
    "times": 279,
    "ms": 35.91715521863799,
    "year": 2021,
    "hash": 1077294549306708162
  },
  "2021_15 part 2": {
    "name": "2021_15 part 2",
    "totalDuration": 10004412465,
    "times": 290,
    "ms": 34.49797401724138,
    "year": 2021,
    "hash": 1077294549306708162
  },
  "2021_16 part 1": {
    "name": "2021_16 part 1",
    "totalDuration": 3186456929,
    "times": 1000,
    "ms": 3.186456929,
    "year": 2021,
    "hash": 67916449390157276
  },
  "2021_16 part 2": {
    "name": "2021_16 part 2",
    "totalDuration": 3247082176,
    "times": 1000,
    "ms": 3.247082176,
    "year": 2021,
    "hash": 67916449390157276
  },
  "2021_17 part 1": {
    "name": "2021_17 part 1",
    "totalDuration": 258168381,
    "times": 1000,
    "ms": 0.258168381,
    "year": 2021,
    "hash": 791572323437243729
  },
  "2021_17 part 2": {
    "name": "2021_17 part 2",
    "totalDuration": 235245210,
    "times": 1000,
    "ms": 0.23524521,
    "year": 2021,
    "hash": 791572323437243729
  },
  "2015_24 part 1": {
    "name": "2015_24 part 1 (skipped)",
    "totalDuration": 0,
    "times": 0,
    "ms": 0.0,
    "year": 2015,
    "hash": -9123471187859888493
  },
  "2015_24 part 2": {
    "name": "2015_24 part 2 (skipped)",
    "totalDuration": 0,
    "times": 0,
    "ms": 0.0,
    "year": 2015,
    "hash": -9123471187859888493
  },
  "2019_10 part 1": {
    "name": "2019_10 part 1",
    "totalDuration": 10022377439,
    "times": 163,
    "ms": 61.48697815337423,
    "year": 2019,
    "hash": 7240270852778365318
  },
  "2019_10 part 2": {
    "name": "2019_10 part 2",
    "totalDuration": 10052193618,
    "times": 151,
    "ms": 66.57081866225165,
    "year": 2019,
    "hash": 7240270852778365318
  },
  "2021_18 part 1": {
    "name": "2021_18 part 1",
    "totalDuration": 3689998512,
    "times": 1000,
    "ms": 3.689998512,
    "year": 2021,
    "hash": -4166430591330572360
  },
  "2021_18 part 2": {
    "name": "2021_18 part 2",
    "totalDuration": 3626883713,
    "times": 1000,
    "ms": 3.626883713,
    "year": 2021,
    "hash": -4166430591330572360
  },
  "2021_20 part 1": {
    "name": "2021_20 part 1",
    "totalDuration": 10003841571,
    "times": 385,
    "ms": 25.98400408051948,
    "year": 2021,
    "hash": 4636364468406195220
  },
  "2021_20 part 2": {
    "name": "2021_20 part 2",
    "totalDuration": 10014189650,
    "times": 394,
    "ms": 25.416725,
    "year": 2021,
    "hash": 4636364468406195220
  }
}