{
  "2015_24 part 1": {
    "name": "2015_24 part 1 (skipped)",
    "totalDuration": 0,
    "times": 0,
    "ms": 0.0,
    "year": 2015,
    "hash": 3697204352247139250
  },
  "2015_24 part 2": {
    "name": "2015_24 part 2 (skipped)",
    "totalDuration": 0,
    "times": 0,
    "ms": 0.0,
    "year": 2015,
    "hash": 3697204352247139250
  },
  "2015_22 part 1": {
    "name": "2015_22 part 1 (skipped)",
    "totalDuration": 0,
    "times": 0,
    "ms": 0.0,
    "year": 2015,
    "hash": 603721768340303570
  },
  "2015_22 part 2": {
    "name": "2015_22 part 2 (skipped)",
    "totalDuration": 0,
    "times": 0,
    "ms": 0.0,
    "year": 2015,
    "hash": 603721768340303570
  },
  "2015_20 part 1": {
    "name": "2015_20 part 1",
    "totalDuration": 10020720128,
    "times": 51,
    "ms": 196.4847083921569,
    "year": 2015,
    "hash": -3324243034051478861
  },
  "2015_20 part 2": {
    "name": "2015_20 part 2",
    "totalDuration": 10032681661,
    "times": 258,
    "ms": 38.88636302713179,
    "year": 2015,
    "hash": -3324243034051478861
  },
  "2015_01 part 1": {
    "name": "2015_01 part 1",
    "totalDuration": 4483806,
    "times": 1000,
    "ms": 0.004483806000000001,
    "year": 2015,
    "hash": -1226317205529088040
  },
  "2015_01 part 2": {
    "name": "2015_01 part 2",
    "totalDuration": 2131389,
    "times": 1000,
    "ms": 0.002131389,
    "year": 2015,
    "hash": -1226317205529088040
  },
  "2015_21 part 1": {
    "name": "2015_21 part 1",
    "totalDuration": 406253728,
    "times": 1000,
    "ms": 0.406253728,
    "year": 2015,
    "hash": 94832266808057444
  },
  "2015_21 part 2": {
    "name": "2015_21 part 2",
    "totalDuration": 406427835,
    "times": 1000,
    "ms": 0.406427835,
    "year": 2015,
    "hash": 94832266808057444
  },
  "2015_23 part 1": {
    "name": "2015_23 part 1",
    "totalDuration": 38168045,
    "times": 1000,
    "ms": 0.038168045,
    "year": 2015,
    "hash": -7358010279111899675
  },
  "2015_23 part 2": {
    "name": "2015_23 part 2",
    "totalDuration": 44319232,
    "times": 1000,
    "ms": 0.044319232,
    "year": 2015,
    "hash": -7358010279111899675
  },
  "2021_14 part 1": {
    "name": "2021_14 part 1",
    "totalDuration": 10000875644,
    "times": 152,
    "ms": 65.79523449999999,
    "year": 2021,
    "hash": -3142538650110319110
  },
  "2021_14 part 2": {
    "name": "2021_14 part 2",
    "totalDuration": 1424534759,
    "times": 1000,
    "ms": 1.424534759,
    "year": 2021,
    "hash": -3142538650110319110
  },
  "2021_24 part 1": {
    "name": "2021_24 part 1",
    "totalDuration": 10002055929,
    "times": 39,
    "ms": 256.4629725384615,
    "year": 2021,
    "hash": 2276322462191129367
  },
  "2021_24 part 2": {
    "name": "2021_24 part 2",
    "totalDuration": 10161825876,
    "times": 40,
    "ms": 254.0456469,
    "year": 2021,
    "hash": 2276322462191129367
  },
  "2021_22 part 1": {
    "name": "2021_22 part 1",
    "totalDuration": 10002788511,
    "times": 572,
    "ms": 17.48739250174825,
    "year": 2021,
    "hash": 2979182621440063091
  },
  "2021_22 part 2": {
    "name": "2021_22 part 2",
    "totalDuration": 6749059437,
    "times": 1000,
    "ms": 6.749059437,
    "year": 2021,
    "hash": 2979182621440063091
  },
  "2021_08 part 1": {
    "name": "2021_08 part 1",
    "totalDuration": 692957726,
    "times": 1000,
    "ms": 0.6929577259999999,
    "year": 2021,
    "hash": 5140311123894099689
  },
  "2021_08 part 2": {
    "name": "2021_08 part 2",
    "totalDuration": 11115764788,
    "times": 2,
    "ms": 5557.882394,
    "year": 2021,
    "hash": 5140311123894099689
  },
  "2021_11 part 1": {
    "name": "2021_11 part 1",
    "totalDuration": 860630599,
    "times": 1000,
    "ms": 0.8606305989999999,
    "year": 2021,
    "hash": 3919647756887603224
  },
  "2021_11 part 2": {
    "name": "2021_11 part 2",
    "totalDuration": 2843197257,
    "times": 1000,
    "ms": 2.843197257,
    "year": 2021,
    "hash": 3919647756887603224
  },
  "2021_09 part 1": {
    "name": "2021_09 part 1",
    "totalDuration": 1605174514,
    "times": 1000,
    "ms": 1.605174514,
    "year": 2021,
    "hash": -3401695930534827899
  },
  "2021_09 part 2": {
    "name": "2021_09 part 2",
    "totalDuration": 3159147723,
    "times": 1000,
    "ms": 3.159147723,
    "year": 2021,
    "hash": -3401695930534827899
  },
  "2021_13 part 1": {
    "name": "2021_13 part 1",
    "totalDuration": 383661605,
    "times": 1000,
    "ms": 0.383661605,
    "year": 2021,
    "hash": 4928341454505717659
  },
  "2021_13 part 2": {
    "name": "2021_13 part 2",
    "totalDuration": 569262772,
    "times": 1000,
    "ms": 0.5692627720000001,
    "year": 2021,
    "hash": 4928341454505717659
  },
  "2021_17 part 1": {
    "name": "2021_17 part 1",
    "totalDuration": 338477304,
    "times": 1000,
    "ms": 0.338477304,
    "year": 2021,
    "hash": 2936141566325628018
  },
  "2021_17 part 2": {
    "name": "2021_17 part 2",
    "totalDuration": 10031478086,
    "times": 248,
    "ms": 40.44950841129032,
    "year": 2021,
    "hash": 2936141566325628018
  },
  "2021_20 part 1": {
    "name": "2021_20 part 1",
    "totalDuration": 10019452401,
    "times": 387,
    "ms": 25.89005788372093,
    "year": 2021,
    "hash": -8080999592267202569
  },
  "2021_20 part 2": {
    "name": "2021_20 part 2",
    "totalDuration": 11399117169,
    "times": 2,
    "ms": 5699.5585845,
    "year": 2021,
    "hash": -8080999592267202569
  },
  "2021_01 part 1": {
    "name": "2021_01 part 1",
    "totalDuration": 1516011782,
    "times": 1000,
    "ms": 1.516011782,
    "year": 2021,
    "hash": 4318637418537477710
  },
  "2021_01 part 2": {
    "name": "2021_01 part 2",
    "totalDuration": 1302953009,
    "times": 1000,
    "ms": 1.302953009,
    "year": 2021,
    "hash": 4318637418537477710
  },
  "2021_10 part 1": {
    "name": "2021_10 part 1",
    "totalDuration": 157501853,
    "times": 1000,
    "ms": 0.157501853,
    "year": 2021,
    "hash": -4190716974365261634
  },
  "2021_10 part 2": {
    "name": "2021_10 part 2",
    "totalDuration": 145859036,
    "times": 1000,
    "ms": 0.145859036,
    "year": 2021,
    "hash": -4190716974365261634
  },
  "2021_21 part 1": {
    "name": "2021_21 part 1",
    "totalDuration": 9674649,
    "times": 1000,
    "ms": 0.009674649,
    "year": 2021,
    "hash": 3554972603495501010
  },
  "2021_21 part 2": {
    "name": "2021_21 part 2",
    "totalDuration": 10106106826,
    "times": 85,
    "ms": 118.8953744235294,
    "year": 2021,
    "hash": 3554972603495501010
  },
  "2021_16 part 1": {
    "name": "2021_16 part 1",
    "totalDuration": 3461214421,
    "times": 1000,
    "ms": 3.461214421,
    "year": 2021,
    "hash": 9140972696095165110
  },
  "2021_16 part 2": {
    "name": "2021_16 part 2",
    "totalDuration": 3377273814,
    "times": 1000,
    "ms": 3.377273814,
    "year": 2021,
    "hash": 9140972696095165110
  },
  "2021_25 part 1": {
    "name": "2021_25 part 1",
    "totalDuration": 10911840100,
    "times": 6,
    "ms": 1818.640016666666,
    "year": 2021,
    "hash": 6752184326487747588
  },
  "2021_25 part 2": {
    "name": "2021_25 part 2",
    "totalDuration": 106402,
    "times": 1000,
    "ms": 0.000106402,
    "year": 2021,
    "hash": 6752184326487747588
  },
  "2021_23 part 1": {
    "name": "2021_23 part 1",
    "totalDuration": 10928576454,
    "times": 3,
    "ms": 3642.858818,
    "year": 2021,
    "hash": 2146476754137724651
  },
  "2021_23 part 2": {
    "name": "2021_23 part 2",
    "totalDuration": 10150707993,
    "times": 3,
    "ms": 3383.569331,
    "year": 2021,
    "hash": 2146476754137724651
  },
  "2021_18 part 1": {
    "name": "2021_18 part 1",
    "totalDuration": 3357207640,
    "times": 1000,
    "ms": 3.35720764,
    "year": 2021,
    "hash": 2697667661686442312
  },
  "2021_18 part 2": {
    "name": "2021_18 part 2",
    "totalDuration": 10028796030,
    "times": 144,
    "ms": 69.64441687499999,
    "year": 2021,